[
{
  "model": "wagtailcore.locale",
  "pk": 1,
  "fields": {
    "language_code": "en"
  }
},
{
  "model": "wagtailcore.site",
  "pk": 2,
  "fields": {
    "hostname": "localhost",
    "port": 80,
    "site_name": "",
    "root_page": 3,
    "is_default_site": true
  }
},
{
  "model": "wagtailcore.collection",
  "pk": 1,
  "fields": {
    "path": "0001",
    "depth": 1,
    "numchild": 0,
    "name": "Root"
  }
},
{
  "model": "wagtailcore.workflowpage",
  "pk": 1,
  "fields": {
    "workflow": 1
  }
},
{
  "model": "wagtailcore.workflowtask",
  "pk": 1,
  "fields": {
    "sort_order": 0,
    "workflow": 1,
    "task": 1
  }
},
{
  "model": "wagtailcore.task",
  "pk": 1,
  "fields": {
    "name": "Moderators approval",
    "content_type": [
      "wagtailcore",
      "groupapprovaltask"
    ],
    "active": true
  }
},
{
  "model": "wagtailcore.workflow",
  "pk": 1,
  "fields": {
    "name": "Moderators approval",
    "active": true
  }
},
{
  "model": "auth.group",
  "pk": 1,
  "fields": {
    "name": "Moderators",
    "permissions": [
      [
        "access_admin",
        "wagtailadmin",
        "admin"
      ],
      [
        "add_document",
        "wagtaildocs",
        "document"
      ],
      [
        "change_document",
        "wagtaildocs",
        "document"
      ],
      [
        "choose_document",
        "wagtaildocs",
        "document"
      ],
      [
        "delete_document",
        "wagtaildocs",
        "document"
      ],
      [
        "add_image",
        "wagtailimages",
        "image"
      ],
      [
        "change_image",
        "wagtailimages",
        "image"
      ],
      [
        "delete_image",
        "wagtailimages",
        "image"
      ]
    ]
  }
},
{
  "model": "auth.group",
  "pk": 2,
  "fields": {
    "name": "Editors",
    "permissions": [
      [
        "access_admin",
        "wagtailadmin",
        "admin"
      ],
      [
        "add_document",
        "wagtaildocs",
        "document"
      ],
      [
        "change_document",
        "wagtaildocs",
        "document"
      ],
      [
        "choose_document",
        "wagtaildocs",
        "document"
      ],
      [
        "delete_document",
        "wagtaildocs",
        "document"
      ],
      [
        "add_image",
        "wagtailimages",
        "image"
      ],
      [
        "change_image",
        "wagtailimages",
        "image"
      ],
      [
        "delete_image",
        "wagtailimages",
        "image"
      ]
    ]
  }
},
{
  "model": "auth.user",
  "pk": 1,
  "fields": {
    "password": "pbkdf2_sha256$600000$Y5BNXICO7Xn4k99sqGLSVw$GvTb+HuxJkG0aJNWzm4V1H+WVE1CVrPoeCXJvc0okfE=",
    "last_login": "2023-05-22T19:00:55.380Z",
    "is_superuser": true,
    "username": "mo",
    "first_name": "",
    "last_name": "",
    "email": "",
    "is_staff": true,
    "is_active": true,
    "date_joined": "2023-05-22T18:59:34.511Z",
    "groups": [],
    "user_permissions": []
  }
},
{
  "model": "auth.user",
  "pk": 2,
  "fields": {
    "password": "pbkdf2_sha256$600000$aLMIenjBTstesfLBHp9NZC$pg6sVZifQqznffQn0kdWMGHWeHDhgVykKoLp2rxczQE=",
    "last_login": "2023-06-12T09:06:31.977Z",
    "is_superuser": true,
    "username": "mohamed",
    "first_name": "",
    "last_name": "",
    "email": "mderkaoui10@gmail.com",
    "is_staff": true,
    "is_active": true,
    "date_joined": "2023-06-12T09:06:17.026Z",
    "groups": [],
    "user_permissions": []
  }
},
{
  "model": "blog.blogindexpage",
  "pk": 4,
  "fields": {
    "intro": ""
  }
},
{
  "model": "persona.personaindexpage",
  "pk": 5,
  "fields": {
    "intro": "<p data-block-key=\"ge0us\">Lista de mohamed</p>"
  }
},
{
  "model": "futbol.equipo_index",
  "pk": 6,
  "fields": {}
},
{
  "model": "politica.eleccion",
  "pk": 7,
  "fields": {
    "nombre": "politica",
    "fecha": "2023-05-26",
    "descripcion": "<p data-block-key=\"2ve2v\">dkmkds</p>",
    "numero_votos": 0,
    "region_pueblo_comunidad": "w2dq"
  }
},
{
  "model": "wagtailcore.pagesubscription",
  "pk": 1,
  "fields": {
    "user": [
      "mo"
    ],
    "page": 3,
    "comment_notifications": false
  }
},
{
  "model": "wagtailcore.pagesubscription",
  "pk": 2,
  "fields": {
    "user": [
      "mo"
    ],
    "page": 4,
    "comment_notifications": true
  }
},
{
  "model": "wagtailcore.pagesubscription",
  "pk": 3,
  "fields": {
    "user": [
      "mo"
    ],
    "page": 5,
    "comment_notifications": true
  }
},
{
  "model": "wagtailcore.pagesubscription",
  "pk": 4,
  "fields": {
    "user": [
      "mohamed"
    ],
    "page": 6,
    "comment_notifications": true
  }
},
{
  "model": "wagtailcore.pagesubscription",
  "pk": 5,
  "fields": {
    "user": [
      "mohamed"
    ],
    "page": 7,
    "comment_notifications": true
  }
},
{
  "model": "wagtailcore.pagelogentry",
  "pk": 1,
  "fields": {
    "content_type": [
      "home",
      "homepage"
    ],
    "label": "Home",
    "action": "wagtail.edit",
    "data": {},
    "timestamp": "2023-05-22T19:01:28.568Z",
    "uuid": "e07f5961-3180-4278-96b5-9466c3956b0e",
    "user": [
      "mo"
    ],
    "revision": 1,
    "content_changed": true,
    "deleted": false,
    "page": 3
  }
},
{
  "model": "wagtailcore.pagelogentry",
  "pk": 2,
  "fields": {
    "content_type": [
      "home",
      "homepage"
    ],
    "label": "Home",
    "action": "wagtail.publish",
    "data": {},
    "timestamp": "2023-05-22T19:01:28.686Z",
    "uuid": "e07f5961-3180-4278-96b5-9466c3956b0e",
    "user": [
      "mo"
    ],
    "revision": 1,
    "content_changed": true,
    "deleted": false,
    "page": 3
  }
},
{
  "model": "wagtailcore.pagelogentry",
  "pk": 3,
  "fields": {
    "content_type": [
      "blog",
      "blogindexpage"
    ],
    "label": "Blog",
    "action": "wagtail.create",
    "data": {},
    "timestamp": "2023-05-22T19:01:45.757Z",
    "uuid": "9489c0db-704f-4832-866e-e37ca560ed65",
    "user": [
      "mo"
    ],
    "revision": null,
    "content_changed": true,
    "deleted": false,
    "page": 4
  }
},
{
  "model": "wagtailcore.pagelogentry",
  "pk": 4,
  "fields": {
    "content_type": [
      "blog",
      "blogindexpage"
    ],
    "label": "Blog",
    "action": "wagtail.edit",
    "data": {},
    "timestamp": "2023-05-22T19:01:45.836Z",
    "uuid": "9489c0db-704f-4832-866e-e37ca560ed65",
    "user": [
      "mo"
    ],
    "revision": 2,
    "content_changed": true,
    "deleted": false,
    "page": 4
  }
},
{
  "model": "wagtailcore.pagelogentry",
  "pk": 5,
  "fields": {
    "content_type": [
      "blog",
      "blogindexpage"
    ],
    "label": "Blog",
    "action": "wagtail.publish",
    "data": {},
    "timestamp": "2023-05-22T19:01:45.954Z",
    "uuid": "9489c0db-704f-4832-866e-e37ca560ed65",
    "user": [
      "mo"
    ],
    "revision": 2,
    "content_changed": true,
    "deleted": false,
    "page": 4
  }
},
{
  "model": "wagtailcore.pagelogentry",
  "pk": 6,
  "fields": {
    "content_type": [
      "persona",
      "personaindexpage"
    ],
    "label": "Personas",
    "action": "wagtail.create",
    "data": {},
    "timestamp": "2023-05-22T19:02:13.380Z",
    "uuid": "5506527c-c65c-453d-ad35-0807a8de4784",
    "user": [
      "mo"
    ],
    "revision": null,
    "content_changed": true,
    "deleted": false,
    "page": 5
  }
},
{
  "model": "wagtailcore.pagelogentry",
  "pk": 7,
  "fields": {
    "content_type": [
      "persona",
      "personaindexpage"
    ],
    "label": "Personas",
    "action": "wagtail.edit",
    "data": {},
    "timestamp": "2023-05-22T19:02:13.472Z",
    "uuid": "5506527c-c65c-453d-ad35-0807a8de4784",
    "user": [
      "mo"
    ],
    "revision": 3,
    "content_changed": true,
    "deleted": false,
    "page": 5
  }
},
{
  "model": "wagtailcore.pagelogentry",
  "pk": 8,
  "fields": {
    "content_type": [
      "persona",
      "personaindexpage"
    ],
    "label": "Personas",
    "action": "wagtail.publish",
    "data": {},
    "timestamp": "2023-05-22T19:02:13.593Z",
    "uuid": "5506527c-c65c-453d-ad35-0807a8de4784",
    "user": [
      "mo"
    ],
    "revision": 3,
    "content_changed": true,
    "deleted": false,
    "page": 5
  }
},
{
  "model": "wagtailcore.pagelogentry",
  "pk": 9,
  "fields": {
    "content_type": [
      "futbol",
      "equipo_index"
    ],
    "label": "liga santader",
    "action": "wagtail.create",
    "data": {},
    "timestamp": "2023-06-12T09:08:34.216Z",
    "uuid": "08829d77-52f0-446f-b72d-67a6f564b4c6",
    "user": [
      "mohamed"
    ],
    "revision": null,
    "content_changed": true,
    "deleted": false,
    "page": 6
  }
},
{
  "model": "wagtailcore.pagelogentry",
  "pk": 10,
  "fields": {
    "content_type": [
      "futbol",
      "equipo_index"
    ],
    "label": "liga santader",
    "action": "wagtail.edit",
    "data": {},
    "timestamp": "2023-06-12T09:08:34.243Z",
    "uuid": "08829d77-52f0-446f-b72d-67a6f564b4c6",
    "user": [
      "mohamed"
    ],
    "revision": 4,
    "content_changed": true,
    "deleted": false,
    "page": 6
  }
},
{
  "model": "wagtailcore.pagelogentry",
  "pk": 11,
  "fields": {
    "content_type": [
      "futbol",
      "equipo_index"
    ],
    "label": "liga santader",
    "action": "wagtail.publish",
    "data": {},
    "timestamp": "2023-06-12T09:08:34.286Z",
    "uuid": "08829d77-52f0-446f-b72d-67a6f564b4c6",
    "user": [
      "mohamed"
    ],
    "revision": 4,
    "content_changed": true,
    "deleted": false,
    "page": 6
  }
},
{
  "model": "wagtailcore.pagelogentry",
  "pk": 12,
  "fields": {
    "content_type": [
      "politica",
      "eleccion"
    ],
    "label": "politica",
    "action": "wagtail.create",
    "data": {},
    "timestamp": "2023-06-12T09:09:55.157Z",
    "uuid": "9c5e5667-4ec7-4650-a63a-31f66088453f",
    "user": [
      "mohamed"
    ],
    "revision": null,
    "content_changed": true,
    "deleted": false,
    "page": 7
  }
},
{
  "model": "wagtailcore.pagelogentry",
  "pk": 13,
  "fields": {
    "content_type": [
      "politica",
      "eleccion"
    ],
    "label": "politica",
    "action": "wagtail.edit",
    "data": {},
    "timestamp": "2023-06-12T09:09:55.184Z",
    "uuid": "9c5e5667-4ec7-4650-a63a-31f66088453f",
    "user": [
      "mohamed"
    ],
    "revision": 5,
    "content_changed": true,
    "deleted": false,
    "page": 7
  }
},
{
  "model": "wagtailcore.pagelogentry",
  "pk": 14,
  "fields": {
    "content_type": [
      "politica",
      "eleccion"
    ],
    "label": "politica",
    "action": "wagtail.publish",
    "data": {},
    "timestamp": "2023-06-12T09:09:55.226Z",
    "uuid": "9c5e5667-4ec7-4650-a63a-31f66088453f",
    "user": [
      "mohamed"
    ],
    "revision": 5,
    "content_changed": true,
    "deleted": false,
    "page": 7
  }
},
{
  "model": "wagtailcore.groupapprovaltask",
  "pk": 1,
  "fields": {
    "groups": [
      [
        "Moderators"
      ]
    ]
  }
},
{
  "model": "wagtailcore.revision",
  "pk": 1,
  "fields": {
    "content_type": [
      "home",
      "homepage"
    ],
    "base_content_type": [
      "wagtailcore",
      "page"
    ],
    "object_id": "3",
    "submitted_for_moderation": false,
    "created_at": "2023-05-22T19:01:28.505Z",
    "user": [
      "mo"
    ],
    "object_str": "Home",
    "content": {
      "pk": 3,
      "path": "00010001",
      "depth": 2,
      "numchild": 0,
      "translation_key": "2faae2c1-5dd5-4e57-8aeb-bfe2abb0d0d5",
      "locale": 1,
      "latest_revision": null,
      "live": true,
      "has_unpublished_changes": false,
      "first_published_at": null,
      "last_published_at": null,
      "live_revision": null,
      "go_live_at": null,
      "expire_at": null,
      "expired": false,
      "locked": false,
      "locked_at": null,
      "locked_by": null,
      "title": "Home",
      "draft_title": "Home",
      "slug": "home",
      "content_type": 4,
      "url_path": "/home/",
      "owner": null,
      "seo_title": "",
      "show_in_menus": false,
      "search_description": "",
      "latest_revision_created_at": null,
      "alias_of": null,
      "body": "<p data-block-key=\"yvb75\">Sitio de Mohamed</p>",
      "wagtail_admin_comments": []
    },
    "approved_go_live_at": null
  }
},
{
  "model": "wagtailcore.revision",
  "pk": 2,
  "fields": {
    "content_type": [
      "blog",
      "blogindexpage"
    ],
    "base_content_type": [
      "wagtailcore",
      "page"
    ],
    "object_id": "4",
    "submitted_for_moderation": false,
    "created_at": "2023-05-22T19:01:45.785Z",
    "user": [
      "mo"
    ],
    "object_str": "Blog",
    "content": {
      "pk": 4,
      "path": "000100010001",
      "depth": 3,
      "numchild": 0,
      "translation_key": "6d06ef38-153d-4ba6-908c-f7dd1be4ca11",
      "locale": 1,
      "latest_revision": null,
      "live": true,
      "has_unpublished_changes": false,
      "first_published_at": null,
      "last_published_at": null,
      "live_revision": null,
      "go_live_at": null,
      "expire_at": null,
      "expired": false,
      "locked": false,
      "locked_at": null,
      "locked_by": null,
      "title": "Blog",
      "draft_title": "Blog",
      "slug": "blog",
      "content_type": 48,
      "url_path": "/home/blog/",
      "owner": 1,
      "seo_title": "",
      "show_in_menus": false,
      "search_description": "",
      "latest_revision_created_at": null,
      "alias_of": null,
      "intro": "",
      "wagtail_admin_comments": []
    },
    "approved_go_live_at": null
  }
},
{
  "model": "wagtailcore.revision",
  "pk": 3,
  "fields": {
    "content_type": [
      "persona",
      "personaindexpage"
    ],
    "base_content_type": [
      "wagtailcore",
      "page"
    ],
    "object_id": "5",
    "submitted_for_moderation": false,
    "created_at": "2023-05-22T19:02:13.412Z",
    "user": [
      "mo"
    ],
    "object_str": "Personas",
    "content": {
      "pk": 5,
      "path": "000100010002",
      "depth": 3,
      "numchild": 0,
      "translation_key": "2a330a5d-5e2a-4b9f-a427-27a7414d6bef",
      "locale": 1,
      "latest_revision": null,
      "live": true,
      "has_unpublished_changes": false,
      "first_published_at": null,
      "last_published_at": null,
      "live_revision": null,
      "go_live_at": null,
      "expire_at": null,
      "expired": false,
      "locked": false,
      "locked_at": null,
      "locked_by": null,
      "title": "Personas",
      "draft_title": "Personas",
      "slug": "personas",
      "content_type": 53,
      "url_path": "/home/personas/",
      "owner": 1,
      "seo_title": "",
      "show_in_menus": false,
      "search_description": "",
      "latest_revision_created_at": null,
      "alias_of": null,
      "intro": "<p data-block-key=\"ge0us\">Lista de mohamed</p>",
      "wagtail_admin_comments": []
    },
    "approved_go_live_at": null
  }
},
{
  "model": "wagtailcore.revision",
  "pk": 4,
  "fields": {
    "content_type": [
      "futbol",
      "equipo_index"
    ],
    "base_content_type": [
      "wagtailcore",
      "page"
    ],
    "object_id": "6",
    "submitted_for_moderation": false,
    "created_at": "2023-06-12T09:08:34.227Z",
    "user": [
      "mohamed"
    ],
    "object_str": "liga santader",
    "content": {
      "pk": 6,
      "path": "000100010003",
      "depth": 3,
      "numchild": 0,
      "translation_key": "63b6f309-0e44-4bc5-b4a9-771a78f9b1eb",
      "locale": 1,
      "latest_revision": null,
      "live": true,
      "has_unpublished_changes": false,
      "first_published_at": null,
      "last_published_at": null,
      "live_revision": null,
      "go_live_at": null,
      "expire_at": null,
      "expired": false,
      "locked": false,
      "locked_at": null,
      "locked_by": null,
      "title": "liga santader",
      "draft_title": "liga santader",
      "slug": "liga-santader",
      "content_type": 56,
      "url_path": "/home/liga-santader/",
      "owner": 2,
      "seo_title": "",
      "show_in_menus": false,
      "search_description": "",
      "latest_revision_created_at": null,
      "alias_of": null,
      "wagtail_admin_comments": []
    },
    "approved_go_live_at": null
  }
},
{
  "model": "wagtailcore.revision",
  "pk": 5,
  "fields": {
    "content_type": [
      "politica",
      "eleccion"
    ],
    "base_content_type": [
      "wagtailcore",
      "page"
    ],
    "object_id": "7",
    "submitted_for_moderation": false,
    "created_at": "2023-06-12T09:09:55.168Z",
    "user": [
      "mohamed"
    ],
    "object_str": "politica",
    "content": {
      "pk": 7,
      "path": "000100010004",
      "depth": 3,
      "numchild": 0,
      "translation_key": "cc605857-87d4-4901-8890-69bda6f5ca72",
      "locale": 1,
      "latest_revision": null,
      "live": true,
      "has_unpublished_changes": false,
      "first_published_at": null,
      "last_published_at": null,
      "live_revision": null,
      "go_live_at": null,
      "expire_at": null,
      "expired": false,
      "locked": false,
      "locked_at": null,
      "locked_by": null,
      "title": "politica",
      "draft_title": "politica",
      "slug": "politica",
      "content_type": 61,
      "url_path": "/home/politica/",
      "owner": 2,
      "seo_title": "",
      "show_in_menus": false,
      "search_description": "",
      "latest_revision_created_at": null,
      "alias_of": null,
      "nombre": "politica",
      "fecha": "2023-05-26",
      "descripcion": "<p data-block-key=\"2ve2v\">dkmkds</p>",
      "numero_votos": 0,
      "region_pueblo_comunidad": "w2dq",
      "wagtail_admin_comments": []
    },
    "approved_go_live_at": null
  }
},
{
  "model": "wagtailcore.page",
  "pk": 1,
  "fields": {
    "path": "0001",
    "depth": 1,
    "numchild": 1,
    "translation_key": "5d184217-d98c-42ad-b14b-758200d29920",
    "locale": 1,
    "latest_revision": null,
    "live": true,
    "has_unpublished_changes": false,
    "first_published_at": null,
    "last_published_at": null,
    "live_revision": null,
    "go_live_at": null,
    "expire_at": null,
    "expired": false,
    "locked": false,
    "locked_at": null,
    "locked_by": null,
    "title": "Root",
    "draft_title": "Root",
    "slug": "root",
    "content_type": [
      "wagtailcore",
      "page"
    ],
    "url_path": "/",
    "owner": null,
    "seo_title": "",
    "show_in_menus": false,
    "search_description": "",
    "latest_revision_created_at": null,
    "alias_of": null
  }
},
{
  "model": "wagtailcore.page",
  "pk": 3,
  "fields": {
    "path": "00010001",
    "depth": 2,
    "numchild": 4,
    "translation_key": "2faae2c1-5dd5-4e57-8aeb-bfe2abb0d0d5",
    "locale": 1,
    "latest_revision": 1,
    "live": true,
    "has_unpublished_changes": false,
    "first_published_at": "2023-05-22T19:01:28.617Z",
    "last_published_at": "2023-05-22T19:01:28.617Z",
    "live_revision": 1,
    "go_live_at": null,
    "expire_at": null,
    "expired": false,
    "locked": false,
    "locked_at": null,
    "locked_by": null,
    "title": "Home",
    "draft_title": "Home",
    "slug": "home",
    "content_type": [
      "home",
      "homepage"
    ],
    "url_path": "/home/",
    "owner": null,
    "seo_title": "",
    "show_in_menus": false,
    "search_description": "",
    "latest_revision_created_at": "2023-05-22T19:01:28.505Z",
    "alias_of": null
  }
},
{
  "model": "wagtailcore.page",
  "pk": 4,
  "fields": {
    "path": "000100010001",
    "depth": 3,
    "numchild": 0,
    "translation_key": "6d06ef38-153d-4ba6-908c-f7dd1be4ca11",
    "locale": 1,
    "latest_revision": 2,
    "live": true,
    "has_unpublished_changes": false,
    "first_published_at": "2023-05-22T19:01:45.887Z",
    "last_published_at": "2023-05-22T19:01:45.887Z",
    "live_revision": 2,
    "go_live_at": null,
    "expire_at": null,
    "expired": false,
    "locked": false,
    "locked_at": null,
    "locked_by": null,
    "title": "Blog",
    "draft_title": "Blog",
    "slug": "blog",
    "content_type": [
      "blog",
      "blogindexpage"
    ],
    "url_path": "/home/blog/",
    "owner": [
      "mo"
    ],
    "seo_title": "",
    "show_in_menus": false,
    "search_description": "",
    "latest_revision_created_at": "2023-05-22T19:01:45.785Z",
    "alias_of": null
  }
},
{
  "model": "wagtailcore.page",
  "pk": 5,
  "fields": {
    "path": "000100010002",
    "depth": 3,
    "numchild": 0,
    "translation_key": "2a330a5d-5e2a-4b9f-a427-27a7414d6bef",
    "locale": 1,
    "latest_revision": 3,
    "live": true,
    "has_unpublished_changes": false,
    "first_published_at": "2023-05-22T19:02:13.532Z",
    "last_published_at": "2023-05-22T19:02:13.532Z",
    "live_revision": 3,
    "go_live_at": null,
    "expire_at": null,
    "expired": false,
    "locked": false,
    "locked_at": null,
    "locked_by": null,
    "title": "Personas",
    "draft_title": "Personas",
    "slug": "personas",
    "content_type": [
      "persona",
      "personaindexpage"
    ],
    "url_path": "/home/personas/",
    "owner": [
      "mo"
    ],
    "seo_title": "",
    "show_in_menus": false,
    "search_description": "",
    "latest_revision_created_at": "2023-05-22T19:02:13.412Z",
    "alias_of": null
  }
},
{
  "model": "wagtailcore.page",
  "pk": 6,
  "fields": {
    "path": "000100010003",
    "depth": 3,
    "numchild": 0,
    "translation_key": "63b6f309-0e44-4bc5-b4a9-771a78f9b1eb",
    "locale": 1,
    "latest_revision": 4,
    "live": true,
    "has_unpublished_changes": false,
    "first_published_at": "2023-06-12T09:08:34.263Z",
    "last_published_at": "2023-06-12T09:08:34.263Z",
    "live_revision": 4,
    "go_live_at": null,
    "expire_at": null,
    "expired": false,
    "locked": false,
    "locked_at": null,
    "locked_by": null,
    "title": "liga santader",
    "draft_title": "liga santader",
    "slug": "liga-santader",
    "content_type": [
      "futbol",
      "equipo_index"
    ],
    "url_path": "/home/liga-santader/",
    "owner": [
      "mohamed"
    ],
    "seo_title": "",
    "show_in_menus": false,
    "search_description": "",
    "latest_revision_created_at": "2023-06-12T09:08:34.227Z",
    "alias_of": null
  }
},
{
  "model": "wagtailcore.page",
  "pk": 7,
  "fields": {
    "path": "000100010004",
    "depth": 3,
    "numchild": 0,
    "translation_key": "cc605857-87d4-4901-8890-69bda6f5ca72",
    "locale": 1,
    "latest_revision": 5,
    "live": true,
    "has_unpublished_changes": false,
    "first_published_at": "2023-06-12T09:09:55.203Z",
    "last_published_at": "2023-06-12T09:09:55.203Z",
    "live_revision": 5,
    "go_live_at": null,
    "expire_at": null,
    "expired": false,
    "locked": false,
    "locked_at": null,
    "locked_by": null,
    "title": "politica",
    "draft_title": "politica",
    "slug": "politica",
    "content_type": [
      "politica",
      "eleccion"
    ],
    "url_path": "/home/politica/",
    "owner": [
      "mohamed"
    ],
    "seo_title": "",
    "show_in_menus": false,
    "search_description": "",
    "latest_revision_created_at": "2023-06-12T09:09:55.168Z",
    "alias_of": null
  }
},
{
  "model": "wagtailusers.userprofile",
  "pk": 1,
  "fields": {
    "user": [
      "mohamed"
    ],
    "submitted_notifications": true,
    "approved_notifications": true,
    "rejected_notifications": true,
    "updated_comments_notifications": true,
    "preferred_language": "",
    "current_time_zone": "",
    "avatar": "",
    "dismissibles": {},
    "theme": "system"
  }
},
{
  "model": "home.homepage",
  "pk": 3,
  "fields": {
    "body": "<p data-block-key=\"yvb75\">Sitio de Mohamed</p>"
  }
}
]
