[
{
  "model": "wagtailsearch.sqliteftsindexentry",
  "pk": 1,
  "fields": {
    "autocomplete": "ae",
    "title": "ae",
    "body": ""
  }
},
{
  "model": "wagtailsearch.sqliteftsindexentry",
  "pk": 2,
  "fields": {
    "autocomplete": "persona",
    "title": "persona",
    "body": ""
  }
},
{
  "model": "wagtailsearch.sqliteftsindexentry",
  "pk": 3,
  "fields": {
    "autocomplete": "m",
    "title": "m",
    "body": "mohamed merzouk 2023-05-17 je de    "
  }
},
{
  "model": "wagtailsearch.indexentry",
  "pk": 1,
  "fields": {
    "content_type": [
      "blog",
      "blogpage"
    ],
    "object_id": "3",
    "title_norm": 2.25,
    "autocomplete": "ae",
    "title": "ae",
    "body": ""
  }
},
{
  "model": "wagtailsearch.indexentry",
  "pk": 2,
  "fields": {
    "content_type": [
      "persona",
      "personaindex"
    ],
    "object_id": "4",
    "title_norm": 0.6428571428571429,
    "autocomplete": "persona",
    "title": "persona",
    "body": ""
  }
},
{
  "model": "wagtailsearch.indexentry",
  "pk": 3,
  "fields": {
    "content_type": [
      "persona",
      "persona"
    ],
    "object_id": "5",
    "title_norm": 3.3333333333333335,
    "autocomplete": "m",
    "title": "m",
    "body": "mohamed merzouk 2023-05-17 je de    "
  }
},
{
  "model": "wagtailcore.locale",
  "pk": 1,
  "fields": {
    "language_code": "es"
  }
},
{
  "model": "wagtailcore.site",
  "pk": 1,
  "fields": {
    "hostname": "localhost",
    "port": 80,
    "site_name": "",
    "root_page": 2,
    "is_default_site": true
  }
},
{
  "model": "wagtailcore.collection",
  "pk": 1,
  "fields": {
    "path": "0001",
    "depth": 1,
    "numchild": 0,
    "name": "Root"
  }
},
{
  "model": "wagtailcore.referenceindex",
  "pk": 1,
  "fields": {
    "content_type": [
      "wagtailcore",
      "pagesubscription"
    ],
    "base_content_type": [
      "wagtailcore",
      "pagesubscription"
    ],
    "object_id": "1",
    "to_content_type": [
      "wagtailcore",
      "page"
    ],
    "to_object_id": "3",
    "model_path": "page",
    "content_path": "page",
    "content_path_hash": "7b295380-95fa-5117-92c0-23c46a06e9b7"
  }
},
{
  "model": "wagtailcore.referenceindex",
  "pk": 2,
  "fields": {
    "content_type": [
      "wagtailcore",
      "pagesubscription"
    ],
    "base_content_type": [
      "wagtailcore",
      "pagesubscription"
    ],
    "object_id": "1",
    "to_content_type": [
      "auth",
      "user"
    ],
    "to_object_id": "1",
    "model_path": "user",
    "content_path": "user",
    "content_path_hash": "b9395e53-5243-59fd-88fa-de4156683cf8"
  }
},
{
  "model": "wagtailcore.referenceindex",
  "pk": 3,
  "fields": {
    "content_type": [
      "wagtailcore",
      "pagesubscription"
    ],
    "base_content_type": [
      "wagtailcore",
      "pagesubscription"
    ],
    "object_id": "2",
    "to_content_type": [
      "wagtailcore",
      "page"
    ],
    "to_object_id": "4",
    "model_path": "page",
    "content_path": "page",
    "content_path_hash": "7b295380-95fa-5117-92c0-23c46a06e9b7"
  }
},
{
  "model": "wagtailcore.referenceindex",
  "pk": 4,
  "fields": {
    "content_type": [
      "wagtailcore",
      "pagesubscription"
    ],
    "base_content_type": [
      "wagtailcore",
      "pagesubscription"
    ],
    "object_id": "2",
    "to_content_type": [
      "auth",
      "user"
    ],
    "to_object_id": "1",
    "model_path": "user",
    "content_path": "user",
    "content_path_hash": "b9395e53-5243-59fd-88fa-de4156683cf8"
  }
},
{
  "model": "wagtailcore.referenceindex",
  "pk": 5,
  "fields": {
    "content_type": [
      "wagtailcore",
      "pagesubscription"
    ],
    "base_content_type": [
      "wagtailcore",
      "pagesubscription"
    ],
    "object_id": "3",
    "to_content_type": [
      "auth",
      "user"
    ],
    "to_object_id": "1",
    "model_path": "user",
    "content_path": "user",
    "content_path_hash": "b9395e53-5243-59fd-88fa-de4156683cf8"
  }
},
{
  "model": "wagtailcore.referenceindex",
  "pk": 6,
  "fields": {
    "content_type": [
      "wagtailcore",
      "pagesubscription"
    ],
    "base_content_type": [
      "wagtailcore",
      "pagesubscription"
    ],
    "object_id": "3",
    "to_content_type": [
      "wagtailcore",
      "page"
    ],
    "to_object_id": "5",
    "model_path": "page",
    "content_path": "page",
    "content_path_hash": "7b295380-95fa-5117-92c0-23c46a06e9b7"
  }
},
{
  "model": "wagtailcore.workflowpage",
  "pk": 1,
  "fields": {
    "workflow": 1
  }
},
{
  "model": "wagtailcore.workflowtask",
  "pk": 1,
  "fields": {
    "sort_order": 0,
    "workflow": 1,
    "task": 1
  }
},
{
  "model": "wagtailcore.task",
  "pk": 1,
  "fields": {
    "name": "Moderators approval",
    "content_type": [
      "wagtailcore",
      "groupapprovaltask"
    ],
    "active": true
  }
},
{
  "model": "wagtailcore.workflow",
  "pk": 1,
  "fields": {
    "name": "Moderators approval",
    "active": true
  }
},
{
  "model": "auth.group",
  "pk": 1,
  "fields": {
    "name": "Moderators",
    "permissions": [
      [
        "access_admin",
        "wagtailadmin",
        "admin"
      ],
      [
        "add_document",
        "wagtaildocs",
        "document"
      ],
      [
        "change_document",
        "wagtaildocs",
        "document"
      ],
      [
        "choose_document",
        "wagtaildocs",
        "document"
      ],
      [
        "delete_document",
        "wagtaildocs",
        "document"
      ],
      [
        "add_image",
        "wagtailimages",
        "image"
      ],
      [
        "change_image",
        "wagtailimages",
        "image"
      ],
      [
        "choose_image",
        "wagtailimages",
        "image"
      ],
      [
        "delete_image",
        "wagtailimages",
        "image"
      ]
    ]
  }
},
{
  "model": "auth.group",
  "pk": 2,
  "fields": {
    "name": "Editors",
    "permissions": [
      [
        "access_admin",
        "wagtailadmin",
        "admin"
      ],
      [
        "add_document",
        "wagtaildocs",
        "document"
      ],
      [
        "change_document",
        "wagtaildocs",
        "document"
      ],
      [
        "choose_document",
        "wagtaildocs",
        "document"
      ],
      [
        "delete_document",
        "wagtaildocs",
        "document"
      ],
      [
        "add_image",
        "wagtailimages",
        "image"
      ],
      [
        "change_image",
        "wagtailimages",
        "image"
      ],
      [
        "choose_image",
        "wagtailimages",
        "image"
      ],
      [
        "delete_image",
        "wagtailimages",
        "image"
      ]
    ]
  }
},
{
  "model": "auth.user",
  "pk": 1,
  "fields": {
    "password": "pbkdf2_sha256$390000$WWaZq8L8wpTKCIXacCwMnI$0lfjHl8vsXkbNweMe58avhgcTgu2FCna9v3MC7m9ZfQ=",
    "last_login": "2023-05-08T08:50:58.896Z",
    "is_superuser": true,
    "username": "mohamed",
    "first_name": "",
    "last_name": "",
    "email": "mderkaoui10@gmail.com",
    "is_staff": true,
    "is_active": true,
    "date_joined": "2023-05-08T08:50:22.264Z",
    "groups": [],
    "user_permissions": []
  }
},
{
  "model": "blog.blogpage",
  "pk": 3,
  "fields": {
    "date": "2023-05-12",
    "intro": "ewrr",
    "body": "<p data-block-key=\"eylzc\">ef</p><p data-block-key=\"cokoe\">dwfc</p>"
  }
},
{
  "model": "persona.persona",
  "pk": 5,
  "fields": {
    "nombre": "mohamed",
    "apellidos": "merzouk",
    "fecha_nacimiento": "2023-05-17",
    "lugar_nacimiento": "je",
    "biografia": "<p data-block-key=\"yqvmt\">de</p>",
    "foto": "persona/p6.jpeg",
    "twitter": "",
    "facebook": "",
    "instagram": "",
    "linkedin": "",
    "body": "",
    "into": ""
  }
},
{
  "model": "persona.personaindex",
  "pk": 4,
  "fields": {
    "intro": ""
  }
},
{
  "model": "wagtailcore.pagesubscription",
  "pk": 1,
  "fields": {
    "user": [
      "mohamed"
    ],
    "page": 3,
    "comment_notifications": true
  }
},
{
  "model": "wagtailcore.pagesubscription",
  "pk": 2,
  "fields": {
    "user": [
      "mohamed"
    ],
    "page": 4,
    "comment_notifications": true
  }
},
{
  "model": "wagtailcore.pagesubscription",
  "pk": 3,
  "fields": {
    "user": [
      "mohamed"
    ],
    "page": 5,
    "comment_notifications": true
  }
},
{
  "model": "wagtailcore.pagelogentry",
  "pk": 1,
  "fields": {
    "content_type": [
      "blog",
      "blogpage"
    ],
    "label": "ae",
    "action": "wagtail.create",
    "data": {},
    "timestamp": "2023-05-08T08:51:42.839Z",
    "uuid": "c6a19cba-e292-41f2-94c8-4690747e60cc",
    "user": [
      "mohamed"
    ],
    "revision": null,
    "content_changed": true,
    "deleted": false,
    "page": 3
  }
},
{
  "model": "wagtailcore.pagelogentry",
  "pk": 2,
  "fields": {
    "content_type": [
      "blog",
      "blogpage"
    ],
    "label": "ae",
    "action": "wagtail.edit",
    "data": {},
    "timestamp": "2023-05-08T08:51:42.867Z",
    "uuid": "c6a19cba-e292-41f2-94c8-4690747e60cc",
    "user": [
      "mohamed"
    ],
    "revision": 1,
    "content_changed": true,
    "deleted": false,
    "page": 3
  }
},
{
  "model": "wagtailcore.pagelogentry",
  "pk": 3,
  "fields": {
    "content_type": [
      "blog",
      "blogpage"
    ],
    "label": "ae",
    "action": "wagtail.publish",
    "data": {},
    "timestamp": "2023-05-08T08:51:42.915Z",
    "uuid": "c6a19cba-e292-41f2-94c8-4690747e60cc",
    "user": [
      "mohamed"
    ],
    "revision": 1,
    "content_changed": true,
    "deleted": false,
    "page": 3
  }
},
{
  "model": "wagtailcore.pagelogentry",
  "pk": 4,
  "fields": {
    "content_type": [
      "persona",
      "personaindex"
    ],
    "label": "persona",
    "action": "wagtail.create",
    "data": {},
    "timestamp": "2023-05-08T08:52:52.833Z",
    "uuid": "a340e0f7-754c-439e-81d5-50d8ca65fb8b",
    "user": [
      "mohamed"
    ],
    "revision": null,
    "content_changed": true,
    "deleted": false,
    "page": 4
  }
},
{
  "model": "wagtailcore.pagelogentry",
  "pk": 5,
  "fields": {
    "content_type": [
      "persona",
      "personaindex"
    ],
    "label": "persona",
    "action": "wagtail.edit",
    "data": {},
    "timestamp": "2023-05-08T08:52:52.859Z",
    "uuid": "a340e0f7-754c-439e-81d5-50d8ca65fb8b",
    "user": [
      "mohamed"
    ],
    "revision": 2,
    "content_changed": true,
    "deleted": false,
    "page": 4
  }
},
{
  "model": "wagtailcore.pagelogentry",
  "pk": 6,
  "fields": {
    "content_type": [
      "persona",
      "personaindex"
    ],
    "label": "persona",
    "action": "wagtail.edit",
    "data": {},
    "timestamp": "2023-05-08T08:52:58.303Z",
    "uuid": "6ed53fd4-0e5e-4971-b428-30da529549a6",
    "user": [
      "mohamed"
    ],
    "revision": 3,
    "content_changed": true,
    "deleted": false,
    "page": 4
  }
},
{
  "model": "wagtailcore.pagelogentry",
  "pk": 7,
  "fields": {
    "content_type": [
      "persona",
      "personaindex"
    ],
    "label": "persona",
    "action": "wagtail.publish",
    "data": {},
    "timestamp": "2023-05-08T08:52:58.339Z",
    "uuid": "6ed53fd4-0e5e-4971-b428-30da529549a6",
    "user": [
      "mohamed"
    ],
    "revision": 3,
    "content_changed": false,
    "deleted": false,
    "page": 4
  }
},
{
  "model": "wagtailcore.pagelogentry",
  "pk": 8,
  "fields": {
    "content_type": [
      "persona",
      "persona"
    ],
    "label": "m",
    "action": "wagtail.create",
    "data": {},
    "timestamp": "2023-05-08T08:55:37.162Z",
    "uuid": "0f623d37-0803-4eb4-93f8-5eb4eae38442",
    "user": [
      "mohamed"
    ],
    "revision": null,
    "content_changed": true,
    "deleted": false,
    "page": 5
  }
},
{
  "model": "wagtailcore.pagelogentry",
  "pk": 9,
  "fields": {
    "content_type": [
      "persona",
      "persona"
    ],
    "label": "m",
    "action": "wagtail.edit",
    "data": {},
    "timestamp": "2023-05-08T08:55:37.190Z",
    "uuid": "0f623d37-0803-4eb4-93f8-5eb4eae38442",
    "user": [
      "mohamed"
    ],
    "revision": 4,
    "content_changed": true,
    "deleted": false,
    "page": 5
  }
},
{
  "model": "wagtailcore.pagelogentry",
  "pk": 10,
  "fields": {
    "content_type": [
      "persona",
      "persona"
    ],
    "label": "m",
    "action": "wagtail.publish",
    "data": {},
    "timestamp": "2023-05-08T08:55:37.238Z",
    "uuid": "0f623d37-0803-4eb4-93f8-5eb4eae38442",
    "user": [
      "mohamed"
    ],
    "revision": 4,
    "content_changed": true,
    "deleted": false,
    "page": 5
  }
},
{
  "model": "wagtailcore.groupapprovaltask",
  "pk": 1,
  "fields": {
    "groups": [
      [
        "Moderators"
      ]
    ]
  }
},
{
  "model": "wagtailcore.revision",
  "pk": 1,
  "fields": {
    "content_type": [
      "blog",
      "blogpage"
    ],
    "base_content_type": [
      "wagtailcore",
      "page"
    ],
    "object_id": "3",
    "submitted_for_moderation": false,
    "created_at": "2023-05-08T08:51:42.850Z",
    "user": [
      "mohamed"
    ],
    "object_str": "ae",
    "content": {
      "pk": 3,
      "path": "000100010001",
      "depth": 3,
      "numchild": 0,
      "translation_key": "83d2ef98-8804-4e7b-a587-5cfddbda4914",
      "locale": 1,
      "latest_revision": null,
      "live": true,
      "has_unpublished_changes": false,
      "first_published_at": null,
      "last_published_at": null,
      "live_revision": null,
      "go_live_at": null,
      "expire_at": null,
      "expired": false,
      "locked": false,
      "locked_at": null,
      "locked_by": null,
      "title": "ae",
      "draft_title": "ae",
      "slug": "ae",
      "content_type": 49,
      "url_path": "/home/ae/",
      "owner": 1,
      "seo_title": "",
      "show_in_menus": false,
      "search_description": "",
      "latest_revision_created_at": null,
      "alias_of": null,
      "date": "2023-05-12",
      "intro": "ewrr",
      "body": "<p data-block-key=\"eylzc\">ef</p><p data-block-key=\"cokoe\">dwfc</p>",
      "wagtail_admin_comments": [],
      "tagged_items": []
    },
    "approved_go_live_at": null
  }
},
{
  "model": "wagtailcore.revision",
  "pk": 2,
  "fields": {
    "content_type": [
      "persona",
      "personaindex"
    ],
    "base_content_type": [
      "wagtailcore",
      "page"
    ],
    "object_id": "4",
    "submitted_for_moderation": false,
    "created_at": "2023-05-08T08:52:52.843Z",
    "user": [
      "mohamed"
    ],
    "object_str": "persona",
    "content": {
      "pk": 4,
      "path": "000100010002",
      "depth": 3,
      "numchild": 0,
      "translation_key": "8f8ab975-1477-4efc-80bd-4166aef836f5",
      "locale": 1,
      "latest_revision": null,
      "live": false,
      "has_unpublished_changes": false,
      "first_published_at": null,
      "last_published_at": null,
      "live_revision": null,
      "go_live_at": null,
      "expire_at": null,
      "expired": false,
      "locked": false,
      "locked_at": null,
      "locked_by": null,
      "title": "persona",
      "draft_title": "persona",
      "slug": "persona",
      "content_type": 53,
      "url_path": "/home/persona/",
      "owner": 1,
      "seo_title": "",
      "show_in_menus": false,
      "search_description": "",
      "latest_revision_created_at": null,
      "alias_of": null,
      "intro": "",
      "wagtail_admin_comments": []
    },
    "approved_go_live_at": null
  }
},
{
  "model": "wagtailcore.revision",
  "pk": 3,
  "fields": {
    "content_type": [
      "persona",
      "personaindex"
    ],
    "base_content_type": [
      "wagtailcore",
      "page"
    ],
    "object_id": "4",
    "submitted_for_moderation": false,
    "created_at": "2023-05-08T08:52:58.287Z",
    "user": [
      "mohamed"
    ],
    "object_str": "persona",
    "content": {
      "pk": 4,
      "path": "000100010002",
      "depth": 3,
      "numchild": 0,
      "translation_key": "8f8ab975-1477-4efc-80bd-4166aef836f5",
      "locale": 1,
      "latest_revision": 2,
      "live": false,
      "has_unpublished_changes": true,
      "first_published_at": null,
      "last_published_at": null,
      "live_revision": null,
      "go_live_at": null,
      "expire_at": null,
      "expired": false,
      "locked": false,
      "locked_at": null,
      "locked_by": null,
      "title": "persona",
      "draft_title": "persona",
      "slug": "persona",
      "content_type": 53,
      "url_path": "/home/persona/",
      "owner": 1,
      "seo_title": "",
      "show_in_menus": false,
      "search_description": "",
      "latest_revision_created_at": "2023-05-08T08:52:52.843Z",
      "alias_of": null,
      "intro": "",
      "wagtail_admin_comments": []
    },
    "approved_go_live_at": null
  }
},
{
  "model": "wagtailcore.revision",
  "pk": 4,
  "fields": {
    "content_type": [
      "persona",
      "persona"
    ],
    "base_content_type": [
      "wagtailcore",
      "page"
    ],
    "object_id": "5",
    "submitted_for_moderation": false,
    "created_at": "2023-05-08T08:55:37.174Z",
    "user": [
      "mohamed"
    ],
    "object_str": "mohamed merzouk",
    "content": {
      "pk": 5,
      "path": "0001000100020001",
      "depth": 4,
      "numchild": 0,
      "translation_key": "6ceb1987-b28b-4aee-b27e-723037a56e71",
      "locale": 1,
      "latest_revision": null,
      "live": true,
      "has_unpublished_changes": false,
      "first_published_at": null,
      "last_published_at": null,
      "live_revision": null,
      "go_live_at": null,
      "expire_at": null,
      "expired": false,
      "locked": false,
      "locked_at": null,
      "locked_by": null,
      "title": "m",
      "draft_title": "m",
      "slug": "m",
      "content_type": 51,
      "url_path": "/home/persona/m/",
      "owner": 1,
      "seo_title": "",
      "show_in_menus": false,
      "search_description": "",
      "latest_revision_created_at": null,
      "alias_of": null,
      "nombre": "mohamed",
      "apellidos": "merzouk",
      "fecha_nacimiento": "2023-05-17",
      "lugar_nacimiento": "je",
      "biografia": "<p data-block-key=\"yqvmt\">de</p>",
      "foto": "persona/p6.jpeg",
      "twitter": "",
      "facebook": "",
      "instagram": "",
      "linkedin": "",
      "body": "",
      "into": "",
      "wagtail_admin_comments": []
    },
    "approved_go_live_at": null
  }
},
{
  "model": "wagtailcore.page",
  "pk": 1,
  "fields": {
    "path": "0001",
    "depth": 1,
    "numchild": 1,
    "translation_key": "88515039-a9a4-4002-93f6-0c7a3e4d598d",
    "locale": 1,
    "latest_revision": null,
    "live": true,
    "has_unpublished_changes": false,
    "first_published_at": null,
    "last_published_at": null,
    "live_revision": null,
    "go_live_at": null,
    "expire_at": null,
    "expired": false,
    "locked": false,
    "locked_at": null,
    "locked_by": null,
    "title": "Root",
    "draft_title": "Root",
    "slug": "root",
    "content_type": [
      "wagtailcore",
      "page"
    ],
    "url_path": "/",
    "owner": null,
    "seo_title": "",
    "show_in_menus": false,
    "search_description": "",
    "latest_revision_created_at": null,
    "alias_of": null
  }
},
{
  "model": "wagtailcore.page",
  "pk": 2,
  "fields": {
    "path": "00010001",
    "depth": 2,
    "numchild": 2,
    "translation_key": "7391759e-b70a-4af8-b897-0a31a7c701d7",
    "locale": 1,
    "latest_revision": null,
    "live": true,
    "has_unpublished_changes": false,
    "first_published_at": null,
    "last_published_at": null,
    "live_revision": null,
    "go_live_at": null,
    "expire_at": null,
    "expired": false,
    "locked": false,
    "locked_at": null,
    "locked_by": null,
    "title": "Welcome to your new Wagtail site!",
    "draft_title": "Welcome to your new Wagtail site!",
    "slug": "home",
    "content_type": [
      "wagtailcore",
      "page"
    ],
    "url_path": "/home/",
    "owner": null,
    "seo_title": "",
    "show_in_menus": false,
    "search_description": "",
    "latest_revision_created_at": null,
    "alias_of": null
  }
},
{
  "model": "wagtailcore.page",
  "pk": 3,
  "fields": {
    "path": "000100010001",
    "depth": 3,
    "numchild": 0,
    "translation_key": "83d2ef98-8804-4e7b-a587-5cfddbda4914",
    "locale": 1,
    "latest_revision": 1,
    "live": true,
    "has_unpublished_changes": false,
    "first_published_at": "2023-05-08T08:51:42.893Z",
    "last_published_at": "2023-05-08T08:51:42.893Z",
    "live_revision": 1,
    "go_live_at": null,
    "expire_at": null,
    "expired": false,
    "locked": false,
    "locked_at": null,
    "locked_by": null,
    "title": "ae",
    "draft_title": "ae",
    "slug": "ae",
    "content_type": [
      "blog",
      "blogpage"
    ],
    "url_path": "/home/ae/",
    "owner": [
      "mohamed"
    ],
    "seo_title": "",
    "show_in_menus": false,
    "search_description": "",
    "latest_revision_created_at": "2023-05-08T08:51:42.850Z",
    "alias_of": null
  }
},
{
  "model": "wagtailcore.page",
  "pk": 4,
  "fields": {
    "path": "000100010002",
    "depth": 3,
    "numchild": 1,
    "translation_key": "8f8ab975-1477-4efc-80bd-4166aef836f5",
    "locale": 1,
    "latest_revision": 3,
    "live": true,
    "has_unpublished_changes": false,
    "first_published_at": "2023-05-08T08:52:58.317Z",
    "last_published_at": "2023-05-08T08:52:58.317Z",
    "live_revision": 3,
    "go_live_at": null,
    "expire_at": null,
    "expired": false,
    "locked": false,
    "locked_at": null,
    "locked_by": null,
    "title": "persona",
    "draft_title": "persona",
    "slug": "persona",
    "content_type": [
      "persona",
      "personaindex"
    ],
    "url_path": "/home/persona/",
    "owner": [
      "mohamed"
    ],
    "seo_title": "",
    "show_in_menus": false,
    "search_description": "",
    "latest_revision_created_at": "2023-05-08T08:52:58.287Z",
    "alias_of": null
  }
},
{
  "model": "wagtailcore.page",
  "pk": 5,
  "fields": {
    "path": "0001000100020001",
    "depth": 4,
    "numchild": 0,
    "translation_key": "6ceb1987-b28b-4aee-b27e-723037a56e71",
    "locale": 1,
    "latest_revision": 4,
    "live": true,
    "has_unpublished_changes": false,
    "first_published_at": "2023-05-08T08:55:37.216Z",
    "last_published_at": "2023-05-08T08:55:37.216Z",
    "live_revision": 4,
    "go_live_at": null,
    "expire_at": null,
    "expired": false,
    "locked": false,
    "locked_at": null,
    "locked_by": null,
    "title": "m",
    "draft_title": "m",
    "slug": "m",
    "content_type": [
      "persona",
      "persona"
    ],
    "url_path": "/home/persona/m/",
    "owner": [
      "mohamed"
    ],
    "seo_title": "",
    "show_in_menus": false,
    "search_description": "",
    "latest_revision_created_at": "2023-05-08T08:55:37.174Z",
    "alias_of": null
  }
}
]
