[
{
  "model": "wagtailsearch.sqliteftsindexentry",
  "pk": 1,
  "fields": {
    "autocomplete": "3 cdc",
    "title": "3",
    "body": "cdc"
  }
},
{
  "model": "wagtailsearch.sqliteftsindexentry",
  "pk": 2,
  "fields": {
    "autocomplete": "rv",
    "title": "rv",
    "body": ""
  }
},
{
  "model": "wagtailsearch.sqliteftsindexentry",
  "pk": 3,
  "fields": {
    "autocomplete": "bf d",
    "title": "bf d",
    "body": ""
  }
},
{
  "model": "wagtailsearch.sqliteftsindexentry",
  "pk": 4,
  "fields": {
    "autocomplete": "5 crdscz",
    "title": "5",
    "body": "crdscz"
  }
},
{
  "model": "wagtailsearch.sqliteftsindexentry",
  "pk": 5,
  "fields": {
    "autocomplete": "f c",
    "title": "f c",
    "body": ""
  }
},
{
  "model": "wagtailsearch.indexentry",
  "pk": 1,
  "fields": {
    "content_type": [
      "wagtailimages",
      "image"
    ],
    "object_id": "1",
    "title_norm": 1.5,
    "autocomplete": "3 cdc",
    "title": "3",
    "body": "cdc"
  }
},
{
  "model": "wagtailsearch.indexentry",
  "pk": 2,
  "fields": {
    "content_type": [
      "blog",
      "blogindexpage"
    ],
    "object_id": "4",
    "title_norm": 0.75,
    "autocomplete": "rv",
    "title": "rv",
    "body": ""
  }
},
{
  "model": "wagtailsearch.indexentry",
  "pk": 3,
  "fields": {
    "content_type": [
      "blog",
      "blogpage"
    ],
    "object_id": "5",
    "title_norm": 0.5833333333333334,
    "autocomplete": "bf d",
    "title": "bf d",
    "body": ""
  }
},
{
  "model": "wagtailsearch.indexentry",
  "pk": 4,
  "fields": {
    "content_type": [
      "wagtailimages",
      "image"
    ],
    "object_id": "2",
    "title_norm": 2.0,
    "autocomplete": "5 crdscz",
    "title": "5",
    "body": "crdscz"
  }
},
{
  "model": "wagtailsearch.indexentry",
  "pk": 5,
  "fields": {
    "content_type": [
      "persona",
      "persona"
    ],
    "object_id": "6",
    "title_norm": 0.7333333333333334,
    "autocomplete": "f c",
    "title": "f c",
    "body": ""
  }
},
{
  "model": "wagtailcore.locale",
  "pk": 1,
  "fields": {
    "language_code": "es"
  }
},
{
  "model": "wagtailcore.site",
  "pk": 2,
  "fields": {
    "hostname": "localhost",
    "port": 80,
    "site_name": "",
    "root_page": 3,
    "is_default_site": true
  }
},
{
  "model": "wagtailcore.collection",
  "pk": 1,
  "fields": {
    "path": "0001",
    "depth": 1,
    "numchild": 0,
    "name": "Root"
  }
},
{
  "model": "wagtailcore.referenceindex",
  "pk": 1,
  "fields": {
    "content_type": [
      "wagtailimages",
      "image"
    ],
    "base_content_type": [
      "wagtailimages",
      "image"
    ],
    "object_id": "1",
    "to_content_type": [
      "wagtailcore",
      "collection"
    ],
    "to_object_id": "1",
    "model_path": "collection",
    "content_path": "collection",
    "content_path_hash": "b40b1263-e929-57f2-a7f8-9dbce56b887b"
  }
},
{
  "model": "wagtailcore.referenceindex",
  "pk": 2,
  "fields": {
    "content_type": [
      "blog",
      "blogindexpage"
    ],
    "base_content_type": [
      "wagtailcore",
      "page"
    ],
    "object_id": "4",
    "to_content_type": [
      "wagtailimages",
      "image"
    ],
    "to_object_id": "1",
    "model_path": "intro.",
    "content_path": "intro.",
    "content_path_hash": "f0bc9d9a-9fe5-52fa-8065-e75be113fc49"
  }
},
{
  "model": "wagtailcore.referenceindex",
  "pk": 3,
  "fields": {
    "content_type": [
      "wagtailcore",
      "pagesubscription"
    ],
    "base_content_type": [
      "wagtailcore",
      "pagesubscription"
    ],
    "object_id": "1",
    "to_content_type": [
      "auth",
      "user"
    ],
    "to_object_id": "1",
    "model_path": "user",
    "content_path": "user",
    "content_path_hash": "b9395e53-5243-59fd-88fa-de4156683cf8"
  }
},
{
  "model": "wagtailcore.referenceindex",
  "pk": 4,
  "fields": {
    "content_type": [
      "wagtailcore",
      "pagesubscription"
    ],
    "base_content_type": [
      "wagtailcore",
      "pagesubscription"
    ],
    "object_id": "1",
    "to_content_type": [
      "wagtailcore",
      "page"
    ],
    "to_object_id": "4",
    "model_path": "page",
    "content_path": "page",
    "content_path_hash": "7b295380-95fa-5117-92c0-23c46a06e9b7"
  }
},
{
  "model": "wagtailcore.referenceindex",
  "pk": 5,
  "fields": {
    "content_type": [
      "wagtailcore",
      "pagesubscription"
    ],
    "base_content_type": [
      "wagtailcore",
      "pagesubscription"
    ],
    "object_id": "2",
    "to_content_type": [
      "auth",
      "user"
    ],
    "to_object_id": "1",
    "model_path": "user",
    "content_path": "user",
    "content_path_hash": "b9395e53-5243-59fd-88fa-de4156683cf8"
  }
},
{
  "model": "wagtailcore.referenceindex",
  "pk": 6,
  "fields": {
    "content_type": [
      "wagtailcore",
      "pagesubscription"
    ],
    "base_content_type": [
      "wagtailcore",
      "pagesubscription"
    ],
    "object_id": "2",
    "to_content_type": [
      "wagtailcore",
      "page"
    ],
    "to_object_id": "5",
    "model_path": "page",
    "content_path": "page",
    "content_path_hash": "7b295380-95fa-5117-92c0-23c46a06e9b7"
  }
},
{
  "model": "wagtailcore.referenceindex",
  "pk": 7,
  "fields": {
    "content_type": [
      "wagtailimages",
      "image"
    ],
    "base_content_type": [
      "wagtailimages",
      "image"
    ],
    "object_id": "2",
    "to_content_type": [
      "wagtailcore",
      "collection"
    ],
    "to_object_id": "1",
    "model_path": "collection",
    "content_path": "collection",
    "content_path_hash": "b40b1263-e929-57f2-a7f8-9dbce56b887b"
  }
},
{
  "model": "wagtailcore.referenceindex",
  "pk": 9,
  "fields": {
    "content_type": [
      "persona",
      "persona"
    ],
    "base_content_type": [
      "wagtailcore",
      "page"
    ],
    "object_id": "6",
    "to_content_type": [
      "wagtailimages",
      "image"
    ],
    "to_object_id": "2",
    "model_path": "fotos.item.foto",
    "content_path": "fotos.1.foto",
    "content_path_hash": "cefd6e38-2516-5614-b689-5cf9664828ab"
  }
},
{
  "model": "wagtailcore.referenceindex",
  "pk": 10,
  "fields": {
    "content_type": [
      "wagtailcore",
      "pagesubscription"
    ],
    "base_content_type": [
      "wagtailcore",
      "pagesubscription"
    ],
    "object_id": "3",
    "to_content_type": [
      "auth",
      "user"
    ],
    "to_object_id": "1",
    "model_path": "user",
    "content_path": "user",
    "content_path_hash": "b9395e53-5243-59fd-88fa-de4156683cf8"
  }
},
{
  "model": "wagtailcore.referenceindex",
  "pk": 11,
  "fields": {
    "content_type": [
      "wagtailcore",
      "pagesubscription"
    ],
    "base_content_type": [
      "wagtailcore",
      "pagesubscription"
    ],
    "object_id": "3",
    "to_content_type": [
      "wagtailcore",
      "page"
    ],
    "to_object_id": "6",
    "model_path": "page",
    "content_path": "page",
    "content_path_hash": "7b295380-95fa-5117-92c0-23c46a06e9b7"
  }
},
{
  "model": "wagtailcore.workflowpage",
  "pk": 1,
  "fields": {
    "workflow": 1
  }
},
{
  "model": "wagtailcore.workflowtask",
  "pk": 1,
  "fields": {
    "sort_order": 0,
    "workflow": 1,
    "task": 1
  }
},
{
  "model": "wagtailcore.task",
  "pk": 1,
  "fields": {
    "name": "Moderators approval",
    "content_type": [
      "wagtailcore",
      "groupapprovaltask"
    ],
    "active": true
  }
},
{
  "model": "wagtailcore.workflow",
  "pk": 1,
  "fields": {
    "name": "Moderators approval",
    "active": true
  }
},
{
  "model": "taggit.tag",
  "pk": 1,
  "fields": {
    "name": "cdc",
    "slug": "cdc"
  }
},
{
  "model": "taggit.tag",
  "pk": 2,
  "fields": {
    "name": "crdscz",
    "slug": "crdscz"
  }
},
{
  "model": "taggit.taggeditem",
  "pk": 1,
  "fields": {
    "tag": 1,
    "content_type": [
      "wagtailimages",
      "image"
    ],
    "object_id": 1
  }
},
{
  "model": "taggit.taggeditem",
  "pk": 2,
  "fields": {
    "tag": 2,
    "content_type": [
      "wagtailimages",
      "image"
    ],
    "object_id": 2
  }
},
{
  "model": "auth.group",
  "pk": 1,
  "fields": {
    "name": "Moderators",
    "permissions": [
      [
        "access_admin",
        "wagtailadmin",
        "admin"
      ],
      [
        "add_document",
        "wagtaildocs",
        "document"
      ],
      [
        "change_document",
        "wagtaildocs",
        "document"
      ],
      [
        "choose_document",
        "wagtaildocs",
        "document"
      ],
      [
        "delete_document",
        "wagtaildocs",
        "document"
      ],
      [
        "add_image",
        "wagtailimages",
        "image"
      ],
      [
        "change_image",
        "wagtailimages",
        "image"
      ],
      [
        "delete_image",
        "wagtailimages",
        "image"
      ]
    ]
  }
},
{
  "model": "auth.group",
  "pk": 2,
  "fields": {
    "name": "Editors",
    "permissions": [
      [
        "access_admin",
        "wagtailadmin",
        "admin"
      ],
      [
        "add_document",
        "wagtaildocs",
        "document"
      ],
      [
        "change_document",
        "wagtaildocs",
        "document"
      ],
      [
        "choose_document",
        "wagtaildocs",
        "document"
      ],
      [
        "delete_document",
        "wagtaildocs",
        "document"
      ],
      [
        "add_image",
        "wagtailimages",
        "image"
      ],
      [
        "change_image",
        "wagtailimages",
        "image"
      ],
      [
        "delete_image",
        "wagtailimages",
        "image"
      ]
    ]
  }
},
{
  "model": "auth.user",
  "pk": 1,
  "fields": {
    "password": "pbkdf2_sha256$390000$y7ZlvPqLOBMdTECI3iapIV$cTd+HvZsufwJVRXdPmNX7cJtDkYFrStZBV2gDLAbKO0=",
    "last_login": "2023-04-29T19:41:18.978Z",
    "is_superuser": true,
    "username": "mohamed",
    "first_name": "",
    "last_name": "",
    "email": "mderkaoui10@gmail.com",
    "is_staff": true,
    "is_active": true,
    "date_joined": "2023-04-29T19:40:51.776Z",
    "groups": [],
    "user_permissions": []
  }
},
{
  "model": "blog.blogindexpage",
  "pk": 4,
  "fields": {
    "intro": "<p data-block-key=\"0aeti\">cd z</p><p data-block-key=\"f4tog\"></p><embed alt=\"\" embedtype=\"image\" format=\"left\" id=\"1\"/><p data-block-key=\"fe8f\"></p>"
  }
},
{
  "model": "blog.blogpage",
  "pk": 5,
  "fields": {
    "date": "2023-04-12",
    "intro": "vvvv",
    "body": "<p data-block-key=\"1oasx\">cdcxc</p>"
  }
},
{
  "model": "persona.persona",
  "pk": 6,
  "fields": {
    "body": "",
    "fecha_nacimiento": "2023-04-05",
    "lugar_nacimiento": "je",
    "coordenadas": "cdx",
    "biografia": "<p data-block-key=\"e78re\">ecs</p>"
  }
},
{
  "model": "persona.persona_fotos",
  "pk": 1,
  "fields": {
    "page": 6,
    "foto": 2
  }
},
{
  "model": "persona.persona_redes_sociales",
  "pk": 1,
  "fields": {
    "page": 6,
    "nombre": "rvd",
    "enlace": "https://www.youtube.com/"
  }
},
{
  "model": "wagtailcore.pagesubscription",
  "pk": 1,
  "fields": {
    "user": [
      "mohamed"
    ],
    "page": 4,
    "comment_notifications": true
  }
},
{
  "model": "wagtailcore.pagesubscription",
  "pk": 2,
  "fields": {
    "user": [
      "mohamed"
    ],
    "page": 5,
    "comment_notifications": true
  }
},
{
  "model": "wagtailcore.pagesubscription",
  "pk": 3,
  "fields": {
    "user": [
      "mohamed"
    ],
    "page": 6,
    "comment_notifications": true
  }
},
{
  "model": "wagtailcore.pagelogentry",
  "pk": 1,
  "fields": {
    "content_type": [
      "blog",
      "blogindexpage"
    ],
    "label": "rv",
    "action": "wagtail.create",
    "data": {},
    "timestamp": "2023-04-29T19:43:54.590Z",
    "uuid": "3041cb5e-1015-4ce2-b6d5-ae25d26bb7fd",
    "user": [
      "mohamed"
    ],
    "revision": null,
    "content_changed": true,
    "deleted": false,
    "page": 4
  }
},
{
  "model": "wagtailcore.pagelogentry",
  "pk": 2,
  "fields": {
    "content_type": [
      "blog",
      "blogindexpage"
    ],
    "label": "rv",
    "action": "wagtail.edit",
    "data": {},
    "timestamp": "2023-04-29T19:43:54.663Z",
    "uuid": "3041cb5e-1015-4ce2-b6d5-ae25d26bb7fd",
    "user": [
      "mohamed"
    ],
    "revision": 1,
    "content_changed": true,
    "deleted": false,
    "page": 4
  }
},
{
  "model": "wagtailcore.pagelogentry",
  "pk": 3,
  "fields": {
    "content_type": [
      "blog",
      "blogindexpage"
    ],
    "label": "rv",
    "action": "wagtail.edit",
    "data": {},
    "timestamp": "2023-04-29T19:44:06.451Z",
    "uuid": "11b9d19a-6688-4de1-8997-c07e39615c0c",
    "user": [
      "mohamed"
    ],
    "revision": 2,
    "content_changed": true,
    "deleted": false,
    "page": 4
  }
},
{
  "model": "wagtailcore.pagelogentry",
  "pk": 4,
  "fields": {
    "content_type": [
      "blog",
      "blogindexpage"
    ],
    "label": "rv",
    "action": "wagtail.publish",
    "data": {},
    "timestamp": "2023-04-29T19:44:06.545Z",
    "uuid": "11b9d19a-6688-4de1-8997-c07e39615c0c",
    "user": [
      "mohamed"
    ],
    "revision": 2,
    "content_changed": false,
    "deleted": false,
    "page": 4
  }
},
{
  "model": "wagtailcore.pagelogentry",
  "pk": 5,
  "fields": {
    "content_type": [
      "blog",
      "blogpage"
    ],
    "label": "bf d",
    "action": "wagtail.create",
    "data": {},
    "timestamp": "2023-04-29T19:45:29.357Z",
    "uuid": "f82f7784-0d72-4bad-8e2c-d8d83bf607ce",
    "user": [
      "mohamed"
    ],
    "revision": null,
    "content_changed": true,
    "deleted": false,
    "page": 5
  }
},
{
  "model": "wagtailcore.pagelogentry",
  "pk": 6,
  "fields": {
    "content_type": [
      "blog",
      "blogpage"
    ],
    "label": "bf d",
    "action": "wagtail.edit",
    "data": {},
    "timestamp": "2023-04-29T19:45:29.523Z",
    "uuid": "f82f7784-0d72-4bad-8e2c-d8d83bf607ce",
    "user": [
      "mohamed"
    ],
    "revision": 3,
    "content_changed": true,
    "deleted": false,
    "page": 5
  }
},
{
  "model": "wagtailcore.pagelogentry",
  "pk": 7,
  "fields": {
    "content_type": [
      "blog",
      "blogpage"
    ],
    "label": "bf d",
    "action": "wagtail.publish",
    "data": {},
    "timestamp": "2023-04-29T19:45:29.874Z",
    "uuid": "f82f7784-0d72-4bad-8e2c-d8d83bf607ce",
    "user": [
      "mohamed"
    ],
    "revision": 3,
    "content_changed": true,
    "deleted": false,
    "page": 5
  }
},
{
  "model": "wagtailcore.pagelogentry",
  "pk": 8,
  "fields": {
    "content_type": [
      "persona",
      "persona"
    ],
    "label": "f c",
    "action": "wagtail.create",
    "data": {},
    "timestamp": "2023-04-29T19:49:16.865Z",
    "uuid": "b09badc7-e2dd-41b3-8ecc-39778fa8da20",
    "user": [
      "mohamed"
    ],
    "revision": null,
    "content_changed": true,
    "deleted": false,
    "page": 6
  }
},
{
  "model": "wagtailcore.pagelogentry",
  "pk": 9,
  "fields": {
    "content_type": [
      "persona",
      "persona"
    ],
    "label": "f c",
    "action": "wagtail.edit",
    "data": {},
    "timestamp": "2023-04-29T19:49:16.940Z",
    "uuid": "b09badc7-e2dd-41b3-8ecc-39778fa8da20",
    "user": [
      "mohamed"
    ],
    "revision": 4,
    "content_changed": true,
    "deleted": false,
    "page": 6
  }
},
{
  "model": "wagtailcore.pagelogentry",
  "pk": 10,
  "fields": {
    "content_type": [
      "persona",
      "persona"
    ],
    "label": "f c",
    "action": "wagtail.publish",
    "data": {},
    "timestamp": "2023-04-29T19:49:17.065Z",
    "uuid": "b09badc7-e2dd-41b3-8ecc-39778fa8da20",
    "user": [
      "mohamed"
    ],
    "revision": 4,
    "content_changed": true,
    "deleted": false,
    "page": 6
  }
},
{
  "model": "wagtailcore.groupapprovaltask",
  "pk": 1,
  "fields": {
    "groups": [
      [
        "Moderators"
      ]
    ]
  }
},
{
  "model": "wagtailcore.revision",
  "pk": 1,
  "fields": {
    "content_type": [
      "blog",
      "blogindexpage"
    ],
    "base_content_type": [
      "wagtailcore",
      "page"
    ],
    "object_id": "4",
    "submitted_for_moderation": false,
    "created_at": "2023-04-29T19:43:54.622Z",
    "user": [
      "mohamed"
    ],
    "object_str": "rv",
    "content": {
      "pk": 4,
      "path": "000100010001",
      "depth": 3,
      "numchild": 0,
      "translation_key": "d3b8f3ff-0345-4ed5-9644-1a7eb753bd52",
      "locale": 1,
      "latest_revision": null,
      "live": false,
      "has_unpublished_changes": false,
      "first_published_at": null,
      "last_published_at": null,
      "live_revision": null,
      "go_live_at": null,
      "expire_at": null,
      "expired": false,
      "locked": false,
      "locked_at": null,
      "locked_by": null,
      "title": "rv",
      "draft_title": "rv",
      "slug": "rv",
      "content_type": 49,
      "url_path": "/home/rv/",
      "owner": 1,
      "seo_title": "",
      "show_in_menus": false,
      "search_description": "",
      "latest_revision_created_at": null,
      "alias_of": null,
      "intro": "<p data-block-key=\"0aeti\">cd z</p><p data-block-key=\"f4tog\"></p><embed alt=\"\" embedtype=\"image\" format=\"left\" id=\"1\"/><p data-block-key=\"fe8f\"></p>",
      "wagtail_admin_comments": []
    },
    "approved_go_live_at": null
  }
},
{
  "model": "wagtailcore.revision",
  "pk": 2,
  "fields": {
    "content_type": [
      "blog",
      "blogindexpage"
    ],
    "base_content_type": [
      "wagtailcore",
      "page"
    ],
    "object_id": "4",
    "submitted_for_moderation": false,
    "created_at": "2023-04-29T19:44:06.406Z",
    "user": [
      "mohamed"
    ],
    "object_str": "rv",
    "content": {
      "pk": 4,
      "path": "000100010001",
      "depth": 3,
      "numchild": 0,
      "translation_key": "d3b8f3ff-0345-4ed5-9644-1a7eb753bd52",
      "locale": 1,
      "latest_revision": 1,
      "live": false,
      "has_unpublished_changes": true,
      "first_published_at": null,
      "last_published_at": null,
      "live_revision": null,
      "go_live_at": null,
      "expire_at": null,
      "expired": false,
      "locked": false,
      "locked_at": null,
      "locked_by": null,
      "title": "rv",
      "draft_title": "rv",
      "slug": "rv",
      "content_type": 49,
      "url_path": "/home/rv/",
      "owner": 1,
      "seo_title": "",
      "show_in_menus": false,
      "search_description": "",
      "latest_revision_created_at": "2023-04-29T19:43:54.622Z",
      "alias_of": null,
      "intro": "<p data-block-key=\"0aeti\">cd z</p><p data-block-key=\"f4tog\"></p><embed alt=\"\" embedtype=\"image\" format=\"left\" id=\"1\"/><p data-block-key=\"fe8f\"></p>",
      "wagtail_admin_comments": []
    },
    "approved_go_live_at": null
  }
},
{
  "model": "wagtailcore.revision",
  "pk": 3,
  "fields": {
    "content_type": [
      "blog",
      "blogpage"
    ],
    "base_content_type": [
      "wagtailcore",
      "page"
    ],
    "object_id": "5",
    "submitted_for_moderation": false,
    "created_at": "2023-04-29T19:45:29.408Z",
    "user": [
      "mohamed"
    ],
    "object_str": "bf d",
    "content": {
      "pk": 5,
      "path": "000100010002",
      "depth": 3,
      "numchild": 0,
      "translation_key": "b9abc692-98a2-42ae-b977-2a877e1ea21d",
      "locale": 1,
      "latest_revision": null,
      "live": true,
      "has_unpublished_changes": false,
      "first_published_at": null,
      "last_published_at": null,
      "live_revision": null,
      "go_live_at": null,
      "expire_at": null,
      "expired": false,
      "locked": false,
      "locked_at": null,
      "locked_by": null,
      "title": "bf d",
      "draft_title": "bf d",
      "slug": "bf-d",
      "content_type": 48,
      "url_path": "/home/bf-d/",
      "owner": 1,
      "seo_title": "",
      "show_in_menus": false,
      "search_description": "",
      "latest_revision_created_at": null,
      "alias_of": null,
      "date": "2023-04-12",
      "intro": "vvvv",
      "body": "<p data-block-key=\"1oasx\">cdcxc</p>",
      "wagtail_admin_comments": [],
      "tagged_items": []
    },
    "approved_go_live_at": null
  }
},
{
  "model": "wagtailcore.revision",
  "pk": 4,
  "fields": {
    "content_type": [
      "persona",
      "persona"
    ],
    "base_content_type": [
      "wagtailcore",
      "page"
    ],
    "object_id": "6",
    "submitted_for_moderation": false,
    "created_at": "2023-04-29T19:49:16.897Z",
    "user": [
      "mohamed"
    ],
    "object_str": "f c",
    "content": {
      "pk": 6,
      "path": "000100010003",
      "depth": 3,
      "numchild": 0,
      "translation_key": "cfebef97-b3eb-4c0a-85b8-155750c2fe23",
      "locale": 1,
      "latest_revision": null,
      "live": true,
      "has_unpublished_changes": false,
      "first_published_at": null,
      "last_published_at": null,
      "live_revision": null,
      "go_live_at": null,
      "expire_at": null,
      "expired": false,
      "locked": false,
      "locked_at": null,
      "locked_by": null,
      "title": "f c",
      "draft_title": "f c",
      "slug": "f-c",
      "content_type": 51,
      "url_path": "/home/f-c/",
      "owner": 1,
      "seo_title": "",
      "show_in_menus": false,
      "search_description": "",
      "latest_revision_created_at": null,
      "alias_of": null,
      "body": "",
      "fecha_nacimiento": "2023-04-05",
      "lugar_nacimiento": "je",
      "coordenadas": "cdx",
      "biografia": "<p data-block-key=\"e78re\">ecs</p>",
      "wagtail_admin_comments": [],
      "fotos": [
        {
          "pk": 1,
          "page": 6,
          "foto": 2
        }
      ],
      "redes_sociales": [
        {
          "pk": 1,
          "page": 6,
          "nombre": "rvd",
          "enlace": "https://www.youtube.com/"
        }
      ]
    },
    "approved_go_live_at": null
  }
},
{
  "model": "wagtailcore.page",
  "pk": 1,
  "fields": {
    "path": "0001",
    "depth": 1,
    "numchild": 1,
    "translation_key": "86fb53cf-250c-44d2-bc60-78a6c69a6bce",
    "locale": 1,
    "latest_revision": null,
    "live": true,
    "has_unpublished_changes": false,
    "first_published_at": null,
    "last_published_at": null,
    "live_revision": null,
    "go_live_at": null,
    "expire_at": null,
    "expired": false,
    "locked": false,
    "locked_at": null,
    "locked_by": null,
    "title": "Root",
    "draft_title": "Root",
    "slug": "root",
    "content_type": [
      "wagtailcore",
      "page"
    ],
    "url_path": "/",
    "owner": null,
    "seo_title": "",
    "show_in_menus": false,
    "search_description": "",
    "latest_revision_created_at": null,
    "alias_of": null
  }
},
{
  "model": "wagtailcore.page",
  "pk": 3,
  "fields": {
    "path": "00010001",
    "depth": 2,
    "numchild": 3,
    "translation_key": "12383b18-95bb-497a-a72e-de61e2ce1421",
    "locale": 1,
    "latest_revision": null,
    "live": true,
    "has_unpublished_changes": false,
    "first_published_at": null,
    "last_published_at": null,
    "live_revision": null,
    "go_live_at": null,
    "expire_at": null,
    "expired": false,
    "locked": false,
    "locked_at": null,
    "locked_by": null,
    "title": "Home",
    "draft_title": "Home",
    "slug": "home",
    "content_type": [
      "home",
      "homepage"
    ],
    "url_path": "/home/",
    "owner": null,
    "seo_title": "",
    "show_in_menus": false,
    "search_description": "",
    "latest_revision_created_at": null,
    "alias_of": null
  }
},
{
  "model": "wagtailcore.page",
  "pk": 4,
  "fields": {
    "path": "000100010001",
    "depth": 3,
    "numchild": 0,
    "translation_key": "d3b8f3ff-0345-4ed5-9644-1a7eb753bd52",
    "locale": 1,
    "latest_revision": 2,
    "live": true,
    "has_unpublished_changes": false,
    "first_published_at": "2023-04-29T19:44:06.483Z",
    "last_published_at": "2023-04-29T19:44:06.483Z",
    "live_revision": 2,
    "go_live_at": null,
    "expire_at": null,
    "expired": false,
    "locked": false,
    "locked_at": null,
    "locked_by": null,
    "title": "rv",
    "draft_title": "rv",
    "slug": "rv",
    "content_type": [
      "blog",
      "blogindexpage"
    ],
    "url_path": "/home/rv/",
    "owner": [
      "mohamed"
    ],
    "seo_title": "",
    "show_in_menus": false,
    "search_description": "",
    "latest_revision_created_at": "2023-04-29T19:44:06.406Z",
    "alias_of": null
  }
},
{
  "model": "wagtailcore.page",
  "pk": 5,
  "fields": {
    "path": "000100010002",
    "depth": 3,
    "numchild": 0,
    "translation_key": "b9abc692-98a2-42ae-b977-2a877e1ea21d",
    "locale": 1,
    "latest_revision": 3,
    "live": true,
    "has_unpublished_changes": false,
    "first_published_at": "2023-04-29T19:45:29.739Z",
    "last_published_at": "2023-04-29T19:45:29.739Z",
    "live_revision": 3,
    "go_live_at": null,
    "expire_at": null,
    "expired": false,
    "locked": false,
    "locked_at": null,
    "locked_by": null,
    "title": "bf d",
    "draft_title": "bf d",
    "slug": "bf-d",
    "content_type": [
      "blog",
      "blogpage"
    ],
    "url_path": "/home/bf-d/",
    "owner": [
      "mohamed"
    ],
    "seo_title": "",
    "show_in_menus": false,
    "search_description": "",
    "latest_revision_created_at": "2023-04-29T19:45:29.408Z",
    "alias_of": null
  }
},
{
  "model": "wagtailcore.page",
  "pk": 6,
  "fields": {
    "path": "000100010003",
    "depth": 3,
    "numchild": 0,
    "translation_key": "cfebef97-b3eb-4c0a-85b8-155750c2fe23",
    "locale": 1,
    "latest_revision": 4,
    "live": true,
    "has_unpublished_changes": false,
    "first_published_at": "2023-04-29T19:49:16.996Z",
    "last_published_at": "2023-04-29T19:49:16.996Z",
    "live_revision": 4,
    "go_live_at": null,
    "expire_at": null,
    "expired": false,
    "locked": false,
    "locked_at": null,
    "locked_by": null,
    "title": "f c",
    "draft_title": "f c",
    "slug": "f-c",
    "content_type": [
      "persona",
      "persona"
    ],
    "url_path": "/home/f-c/",
    "owner": [
      "mohamed"
    ],
    "seo_title": "",
    "show_in_menus": false,
    "search_description": "",
    "latest_revision_created_at": "2023-04-29T19:49:16.897Z",
    "alias_of": null
  }
},
{
  "model": "wagtailimages.image",
  "pk": 1,
  "fields": {
    "collection": 1,
    "title": "3",
    "file": "original_images/3.jpeg",
    "width": 275,
    "height": 183,
    "created_at": "2023-04-29T19:43:30.124Z",
    "uploaded_by_user": [
      "mohamed"
    ],
    "focal_point_x": null,
    "focal_point_y": null,
    "focal_point_width": null,
    "focal_point_height": null,
    "file_size": 5277,
    "file_hash": "3a8b0c8f6f0b4c6ea78e781f06a7960b3fade55d"
  }
},
{
  "model": "wagtailimages.image",
  "pk": 2,
  "fields": {
    "collection": 1,
    "title": "5",
    "file": "original_images/5.jpeg",
    "width": 279,
    "height": 181,
    "created_at": "2023-04-29T19:47:59.949Z",
    "uploaded_by_user": [
      "mohamed"
    ],
    "focal_point_x": null,
    "focal_point_y": null,
    "focal_point_width": null,
    "focal_point_height": null,
    "file_size": 6153,
    "file_hash": "2682d869da76e428dc8716e4fcb269190f31dee1"
  }
},
{
  "model": "wagtailusers.userprofile",
  "pk": 1,
  "fields": {
    "user": [
      "mohamed"
    ],
    "submitted_notifications": true,
    "approved_notifications": true,
    "rejected_notifications": true,
    "updated_comments_notifications": true,
    "preferred_language": "",
    "current_time_zone": "",
    "avatar": "",
    "dismissibles": {}
  }
},
{
  "model": "home.homepage",
  "pk": 3,
  "fields": {
    "body": "",
    "video": "",
    "image": ""
  }
}
]
